{
    "packages": [
        {
            "name": "dompdf/dompdf",
            "version": "v3.1.0",
            "version_normalized": "3.1.0.0",
            "source": {
                "type": "git",
                "url": "https://github.com/dompdf/dompdf.git",
                "reference": "a51bd7a063a65499446919286fb18b518177155a"
            },
            "dist": {
                "type": "zip",
                "url": "https://api.github.com/repos/dompdf/dompdf/zipball/a51bd7a063a65499446919286fb18b518177155a",
                "reference": "a51bd7a063a65499446919286fb18b518177155a",
                "shasum": ""
            },
            "require": {
                "dompdf/php-font-lib": "^1.0.0",
                "dompdf/php-svg-lib": "^1.0.0",
                "ext-dom": "*",
                "ext-mbstring": "*",
                "masterminds/html5": "^2.0",
                "php": "^7.1 || ^8.0"
            },
            "require-dev": {
                "ext-gd": "*",
                "ext-json": "*",
                "ext-zip": "*",
                "mockery/mockery": "^1.3",
                "phpunit/phpunit": "^7.5 || ^8 || ^9 || ^10 || ^11",
                "squizlabs/php_codesniffer": "^3.5",
                "symfony/process": "^4.4 || ^5.4 || ^6.2 || ^7.0"
            },
            "suggest": {
                "ext-gd": "Needed to process images",
                "ext-gmagick": "Improves image processing performance",
                "ext-imagick": "Improves image processing performance",
                "ext-zlib": "Needed for pdf stream compression"
            },
            "time": "2025-01-15T14:09:04+00:00",
            "type": "library",
            "installation-source": "dist",
            "autoload": {
                "psr-4": {
                    "Dompdf\\": "src/"
                },
                "classmap": [
                    "lib/"
                ]
            },
            "notification-url": "https://packagist.org/downloads/",
            "license": [
                "LGPL-2.1"
            ],
            "authors": [
                {
                    "name": "The Dompdf Community",
                    "homepage": "https://github.com/dompdf/dompdf/blob/master/AUTHORS.md"
                }
            ],
            "description": "DOMPDF is a CSS 2.1 compliant HTML to PDF converter",
            "homepage": "https://github.com/dompdf/dompdf",
            "support": {
                "issues": "https://github.com/dompdf/dompdf/issues",
                "source": "https://github.com/dompdf/dompdf/tree/v3.1.0"
            },
            "install-path": "../dompdf/dompdf"
        },
        {
            "name": "dompdf/php-font-lib",
            "version": "1.0.1",
            "version_normalized": "1.0.1.0",
            "source": {
                "type": "git",
                "url": "https://github.com/dompdf/php-font-lib.git",
                "reference": "6137b7d4232b7f16c882c75e4ca3991dbcf6fe2d"
            },
            "dist": {
                "type": "zip",
                "url": "https://api.github.com/repos/dompdf/php-font-lib/zipball/6137b7d4232b7f16c882c75e4ca3991dbcf6fe2d",
                "reference": "6137b7d4232b7f16c882c75e4ca3991dbcf6fe2d",
                "shasum": ""
            },
            "require": {
                "ext-mbstring": "*",
                "php": "^7.1 || ^8.0"
            },
            "require-dev": {
                "symfony/phpunit-bridge": "^3 || ^4 || ^5 || ^6"
            },
            "time": "2024-12-02T14:37:59+00:00",
            "type": "library",
            "installation-source": "dist",
            "autoload": {
                "psr-4": {
                    "FontLib\\": "src/FontLib"
                }
            },
            "notification-url": "https://packagist.org/downloads/",
            "license": [
                "LGPL-2.1-or-later"
            ],
            "authors": [
                {
                    "name": "The FontLib Community",
                    "homepage": "https://github.com/dompdf/php-font-lib/blob/master/AUTHORS.md"
                }
            ],
            "description": "A library to read, parse, export and make subsets of different types of font files.",
            "homepage": "https://github.com/dompdf/php-font-lib",
            "support": {
                "issues": "https://github.com/dompdf/php-font-lib/issues",
                "source": "https://github.com/dompdf/php-font-lib/tree/1.0.1"
            },
            "install-path": "../dompdf/php-font-lib"
        },
        {
            "name": "dompdf/php-svg-lib",
            "version": "1.0.0",
            "version_normalized": "1.0.0.0",
            "source": {
                "type": "git",
                "url": "https://github.com/dompdf/php-svg-lib.git",
                "reference": "eb045e518185298eb6ff8d80d0d0c6b17aecd9af"
            },
            "dist": {
                "type": "zip",
                "url": "https://api.github.com/repos/dompdf/php-svg-lib/zipball/eb045e518185298eb6ff8d80d0d0c6b17aecd9af",
                "reference": "eb045e518185298eb6ff8d80d0d0c6b17aecd9af",
                "shasum": ""
            },
            "require": {
                "ext-mbstring": "*",
                "php": "^7.1 || ^8.0",
                "sabberworm/php-css-parser": "^8.4"
            },
            "require-dev": {
                "phpunit/phpunit": "^7.5 || ^8.5 || ^9.5"
            },
            "time": "2024-04-29T13:26:35+00:00",
            "type": "library",
            "installation-source": "dist",
            "autoload": {
                "psr-4": {
                    "Svg\\": "src/Svg"
                }
            },
            "notification-url": "https://packagist.org/downloads/",
            "license": [
                "LGPL-3.0-or-later"
            ],
            "authors": [
                {
                    "name": "The SvgLib Community",
                    "homepage": "https://github.com/dompdf/php-svg-lib/blob/master/AUTHORS.md"
                }
            ],
            "description": "A library to read, parse and export to PDF SVG files.",
            "homepage": "https://github.com/dompdf/php-svg-lib",
            "support": {
                "issues": "https://github.com/dompdf/php-svg-lib/issues",
                "source": "https://github.com/dompdf/php-svg-lib/tree/1.0.0"
            },
            "install-path": "../dompdf/php-svg-lib"
        },
        {
            "name": "masterminds/html5",
            "version": "2.9.0",
            "version_normalized": "2.9.0.0",
            "source": {
                "type": "git",
                "url": "https://github.com/Masterminds/html5-php.git",
                "reference": "f5ac2c0b0a2eefca70b2ce32a5809992227e75a6"
            },
            "dist": {
                "type": "zip",
                "url": "https://api.github.com/repos/Masterminds/html5-php/zipball/f5ac2c0b0a2eefca70b2ce32a5809992227e75a6",
                "reference": "f5ac2c0b0a2eefca70b2ce32a5809992227e75a6",
                "shasum": ""
            },
            "require": {
                "ext-dom": "*",
                "php": ">=5.3.0"
            },
            "require-dev": {
                "phpunit/phpunit": "^4.8.35 || ^5.7.21 || ^6 || ^7 || ^8 || ^9"
            },
            "time": "2024-03-31T07:05:07+00:00",
            "type": "library",
            "extra": {
                "branch-alias": {
                    "dev-master": "2.7-dev"
                }
            },
            "installation-source": "dist",
            "autoload": {
                "psr-4": {
                    "Masterminds\\": "src"
                }
            },
            "notification-url": "https://packagist.org/downloads/",
            "license": [
                "MIT"
            ],
            "authors": [
                {
                    "name": "Matt Butcher",
                    "email": "technosophos@gmail.com"
                },
                {
                    "name": "Matt Farina",
                    "email": "matt@mattfarina.com"
                },
                {
                    "name": "Asmir Mustafic",
                    "email": "goetas@gmail.com"
                }
            ],
            "description": "An HTML5 parser and serializer.",
            "homepage": "http://masterminds.github.io/html5-php",
            "keywords": [
                "HTML5",
                "dom",
                "html",
                "parser",
                "querypath",
                "serializer",
                "xml"
            ],
            "support": {
                "issues": "https://github.com/Masterminds/html5-php/issues",
                "source": "https://github.com/Masterminds/html5-php/tree/2.9.0"
            },
            "install-path": "../masterminds/html5"
        },
        {
            "name": "sabberworm/php-css-parser",
            "version": "v8.7.0",
            "version_normalized": "8.7.0.0",
            "source": {
                "type": "git",
                "url": "https://github.com/MyIntervals/PHP-CSS-Parser.git",
                "reference": "f414ff953002a9b18e3a116f5e462c56f21237cf"
            },
            "dist": {
                "type": "zip",
                "url": "https://api.github.com/repos/MyIntervals/PHP-CSS-Parser/zipball/f414ff953002a9b18e3a116f5e462c56f21237cf",
                "reference": "f414ff953002a9b18e3a116f5e462c56f21237cf",
                "shasum": ""
            },
            "require": {
                "ext-iconv": "*",
                "php": "^5.6.20 || ^7.0.0 || ~8.0.0 || ~8.1.0 || ~8.2.0 || ~8.3.0 || ~8.4.0"
            },
            "require-dev": {
                "phpunit/phpunit": "5.7.27 || 6.5.14 || 7.5.20 || 8.5.40"
            },
            "suggest": {
                "ext-mbstring": "for parsing UTF-8 CSS"
            },
            "time": "2024-10-27T17:38:32+00:00",
            "type": "library",
            "extra": {
                "branch-alias": {
                    "dev-main": "9.0.x-dev"
                }
            },
            "installation-source": "dist",
            "autoload": {
                "psr-4": {
                    "Sabberworm\\CSS\\": "src/"
                }
            },
            "notification-url": "https://packagist.org/downloads/",
            "license": [
                "MIT"
            ],
            "authors": [
                {
                    "name": "Raphael Schweikert"
                },
                {
                    "name": "Oliver Klee",
                    "email": "github@oliverklee.de"
                },
                {
                    "name": "Jake Hotson",
                    "email": "jake.github@qzdesign.co.uk"
                }
            ],
            "description": "Parser for CSS Files written in PHP",
            "homepage": "https://www.sabberworm.com/blog/2010/6/10/php-css-parser",
            "keywords": [
                "css",
                "parser",
                "stylesheet"
            ],
            "support": {
                "issues": "https://github.com/MyIntervals/PHP-CSS-Parser/issues",
                "source": "https://github.com/MyIntervals/PHP-CSS-Parser/tree/v8.7.0"
            },
            "install-path": "../sabberworm/php-css-parser"
        }
    ],
    "dev": true,
    "dev-package-names": []
}
